dish_name,level1_standard_name,level2_standard_name
chickn tikka msla,Chicken Tikka Masala,Indian
mrgah pizza,Margherita Pizza,Pizza
suhsi slmon roll,Salmon Sushi Roll,Sushi
beef bgr dbl chz,Double Cheese Beef Burger,burger
fries w/ kechp,Fries with Ketchup,Side dish
past bolgnese,Pasta Bolognese,Pasta
pneapple piz,Pineapple Pizza,Pizza
thay grn cury,Thai Green Curry,Curry
nachos xl w/jlps,Nachos XL with Jalape√±os,Mexican
briyn veg,Vegetable Biryani,Indian
spgeti carb,Spaghetti Carbonara,Pasta
frid chcinese rn,Output: Fried Chinese Rice,Asian
phily stk sandw,Philly Steak Sandwich,Sandwich
tacos al pstor,Tacos al Pastor,Mexican
pavbhaji specal,Special Pav Bhaji,Indian
dosa mysr pln,Mysore Plain Dosa,Indian
pad thia chkn,Pad Thai Chicken,Thai
shwama lamb wrap,Lamb Shawarma Wrap,Middle Eastern
biryn mutton xtra sicy,Mutton Biryani Extra Spicy,Indian
mex brto bow,Mexican Burrito Bowl,Mexican
